<?xml version="1.0" encoding="UTF-8"?>
<metadata xml:lang="en"><Esri><CreaDate>20251127</CreaDate><CreaTime>21342100</CreaTime><ArcGISFormat>1.0</ArcGISFormat><SyncOnce>TRUE</SyncOnce><DataProperties><lineage><Process ToolSource="C:\Users\Karthinka_Suresh\Box\CRP_456_karthi13\Karthika_Assignment_6\script1.pyt\CensusTool" Date="20251127" Time="213421">CensusTool C:\Users\Karthinka_Suresh\Box\CRP_456_karthi13\Karthika_Assignment_6\Data\Assign6Excel.csv "C:\Users\Karthinka_Suresh\Box\CRP_456_karthi13\Karthika_Assignment_6\Data\Census Tract-2025-11-28T00_32_31.306Z\P504577759-2025-11-2009564883-MapLayer.json" C:\Users\Karthinka_Suresh\Box\CRP_456_karthi13\Karthika_Assignment_6\Censusproject NAME PercentageofHHwithgrandparentswithgrandchildren "Graduated Colors" C:\Users\Karthinka_Suresh\Box\CRP_456_karthi13\Karthika_Assignment_6\Censusproject\finalgraph.png</Process></lineage></DataProperties></Esri></metadata>
