NAME,TotalHHwithgrandparentslivingwithgrandchildren,PercentageofHHwithgrandparentswithgrandchildren
Census Tract 1.01,0.90%,0.9
Census Tract 1.02,0.00%,0
Census Tract 1.03,1.10%,1.1
Census Tract 1.04,0.00%,0
Census Tract 1.05,0.00%,0
Census Tract 10,2.10%,2.1
Census Tract 101.01,1.10%,1.1
Census Tract 101.02,2.00%,2
Census Tract 102,1.10%,1.1
Census Tract 103,1.60%,1.6
Census Tract 104,1.50%,1.5
Census Tract 105,2.80%,2.8
Census Tract 106,1.20%,1.2
Census Tract 11.01,0.00%,0
Census Tract 11.02,0.00%,0
Census Tract 12,0.00%,0
Census Tract 13.02,0.00%,0
Census Tract 13.03,0.00%,0
Census Tract 13.04,0.00%,0
Census Tract 2,1.10%,1.1
Census Tract 3,0.60%,0.6
Census Tract 4,1.90%,1.9
Census Tract 5,0.00%,0
Census Tract 6,5.90%,5.9
Census Tract 7,0.00%,0
Census Tract 8,-,
Census Tract 9,0.50%,0.5
